page,company_name,details_text
1,BK Group,BK Group; announced an Interim Dividend of Rwf.11.20 on 21-Nov-2025; Books Closure; 08-Dec-2025; Payment date; 12-Jan-2026
1,I&M Bank,I&M Bank Ltd; announced an Interim Dividend of Kes.1.50 on 20-Nov-2025; Books Closure; 15-Dec-2025; Payment date; 14-Jan-2026
1,Co-operative Bank,Co-operative Bank of Kenya Plc; announced an Interim Dividend of Kes.1.00; On 13-Oct-2025; Books Closure 26-Nov-2025; Payment 04-Dec-2025
1,Kapchorua Tea Kenya Plc,Announced a Bonus Issue of a ratio of 1:1 on 27-Jun-2025; Books Closure; 13-Oct-2025; Credit date; 03-Nov-2025
1,Williamson Tea Kenya,Announced a Bonus Issue of a ratio of 1:1 on 27-Jun-2025; Books Closure; 13-Oct-2025; Credit date; 03-Nov-2025
1,KenGen Plc,KenGen Plc ;KE0000000547; announced a first and final Dividend of Kes. 0.90 on 31-Oct-2025; Books Closure; 04-12-2025; Payment Date; 12-02-2026
1,Carbacid Investment Plc,Carbacid Investments Plc ;KE0000000117; announced a final Dividend of Kes. 2.00 on 31-Oct-2025; Books Closure 26-Nov-2025; Payment Date; 18-Dec-2025
1,The Kenya Power & Lighting Company Plc,Kenya Power & Lighting Plc; announced a Final Dividend of Kes.0.80 on 07-Oct-2025; Books Closure 02-Dec-2025; Payment 30-Jan-2026
2,Centum Investment Co Plc,Announced a final dividend of Kes.0.32 on 14-Jul-2025; Books Closure;09-Oct-2025; Payment date; 19-Dec-2025
2,Car & General Ltd,Announced an Interim Dividend of Kes.0.30 on 13-Aug-2025; Books Closure; 02-Sep-2025; Payment date; 15-Sep-2025
2,Absa Bank Kenya Plc,Announced an Interim Dividend of Kes.0.20 on 12-Aug-2025; Books Closure; 19-Sep-2025; Payment date; 15-Oct-2025
2,KCB Group Plc,Announced an Interim & Special Dividend of Kes.4.00 on 13-Aug-2025; Books Closure; 03-Sep-2025; Payment date; 11-Nov-2025
2,NCBA Group Plc,Announced an Interim Dividend of Kes.2.50 on 29-Aug-2025; Books Closure; 18-Sep-2025; Payment date; 02-Oct-2025
2,Jubilee Holdings Ltd,Announced an Interim Dividend of Kes.2.00 on 29-Aug-2025; Books Closure; 5-Sep-2025; Payment date; 09-Oct-2025
2,BOC Kenya Plc,BOC Kenya Plc; announced an Interim Dividend of Kes.2.50; Books Closure 20-Sep-2025; Payment 14-Oct-2025.
2,Standard Chartered Bank Kenya,Announced an Interim Dividend of Kes.8.00 on 20-Aug-2025; Books Closure 11-Sep-2025; Payment Date; 07-Oct-2025
3,Stanbic Holdings Plc,Stanbic Holdings Plc; announced a Interim Dividend of Kes.3.80 on 07-Aug-2025; Books Closure 02-Sep-2025;Payment Date 29-Sep-2025.
3,East African Breweries Plc,Announced a Final Dividend of Kes.5.50 on 30-Jul-2025; Books Closure 16-Sep-2025; Payment Date 28-Oct-2025
3,BAT Kenya Plc,Announced an Interim Dividend of Kes.10.00 on 24-Jul-2025; Books Closure 29-Aug-2025; Payment 26-Sep-2025.
3,Kapchorua Tea Kenya Plc,Announced a First & Final Dividend of Kes.25.00 on 27-Jun-2025; Books Closure; 31-Jul-2025; Payment date; 02-Sep-2025
3,Williamson Tea Kenya Plc,Announced a First & Final Dividend of Kes.10.00 on 27-Jun-2025; Books Closure; 31-Jul-2025; Payment date; 02-Sep-2025
3,TPS Eastern Africa Plc,TPS Eastern Africa Ltd; KE0000000539; announced a First and Final Dividend of Kes.0.35 on 14-May-2025; Books Closure; 26-Jun-2025; Payment date; 30-Jul-2025
3,TPS Eastern Africa Plc,TPS Eastern Africa Ltd; KE0000000539; announced a First and Final Dividend of Kes.0.35 on 14-May-2025; Books Closure; 26-Jun-2025; Payment date; 30-Jul-2025
3,Safaricom Plc,Safaricom Plc announced a Final dividend of Kes.0.65 on 09-May-2025; Books Closure 31-Jul-2025; Payment 31-Aug-2025.
4,Crown Paints Kenya Plc,Crown Paints Kenya Plc; announced a First & Final Dividend of Kes.3.00; On 30-Apr-2025; Books Closure 20-Jun-2025; Payment 30-Jun-2025.
4,Car & General (K) Ltd,Announced a First & Final Dividend of Kes.0.80 on 30-Apr-2025; Books Closure 29-May-2025; Payment on 19-Jun-2025.
4,TotalEnergies Marketing Kenya Plc,Announced a First & Final Dividend of Kes.1.92; On 30-Apr-2025; Books Closure 27-Jun-2025; Payment on 31-Jul-2025.
4,Jubilee Holdings Ltd,Jubilee Holdings Ltd; KE0000000273; announced a Final Dividend of Kes.11.50 on 04-Apr-2025; Books Closure; 28-May-2025; Payment date; 25-Jul-2025
4,KCB Group Plc,KCB Group Plc; KE0000000315; announced a Final Dividend of Kes.1.50 on 13-Mar-2025; Books Closure; 03-Apr-2025; Payment Date SUBJECT TO APPROVAL
4,Kenya Re Insurance Corporation Ltd,Kenya Re Insurance Corporation Ltd; KE0000000604; announced a Final Dividend of Kes.0.15 on 28-Mar-2025; Books Closure; SUBJECT TO APPROVAL; Payment date; SUBJECT TO APPROVAL
4,Liberty Kenya Holdings Ltd,Liberty Kenya Holdings Ltd; KE2000002168; announced a Special Dividend of Kes.0.60 on 26-Mar-2025; Books Closure; SUBJECT TO APPROVAL; Payment date; SUBJECT TO APPROVAL
4,Liberty Kenya Holdings Ltd,Liberty Kenya Holdings Ltd; KE2000002168; announced a Final Dividend of Kes.1.00 on 26-Mar-2025; Books Closure; SUBJECT TO APPROVAL; Payment date; SUBJECT TO APPROVAL
5,Laptrust Imara IREIT,Laptrust Imara IREIT; KE9100008870; announced a full year Distribution of Kes.0.82 on 27-Mar-2025; Books Closure; 02-Apr-2025; Payment date; 30-Apr-2025
5,I&M Group Plc,I&M Group Plc; KKE0000000125; announced a Final Dividend of Kes.1.70 on 26-Mar-2025; Books Closure; 16-Apr-2025; Payment Date; 22-May 2025
5,NCBA Group Plc,NCBA Group Plc; KE0000000406; announced a Final Dividend of Kes.3.25 on 26-Mar-2025; Books Closure; 30-Apr-2025; Payment Date 28-May-2025
5,Kakuzi Plc,Kakuzi Plc ; KE0000000281; announced a Final Dividend of Kes.8.00 on 25-Mar-2025; Books Closure; 31-May-2025; Payment Date 16-Jun-2025
5,CIC Insurance Group Plc,CIC Insurance Group Plc; KE2000002317; announced a bonus issue of 1:10 on 28-Mar-2025; Books Closure; 22-Apr-2025; Payment Date 18-Jun-2025
5,CIC Insurance Group Plc,CIC Insurance Group Plc; KE2000002317; announced a First & Final Dividend of Kes.0.13 on 28-Mar-2025; Books Closure; 22-Apr-2025; Payment Date 18-Jun-2025
5,BK Group Plc,BK Group Plc; KE5000008986; announced a Final Dividend of RwF 19.02 on 28-Mar-2025; Books Closure; 30-May-2025; Payment Date 25-June-2025
5,Diamond Trust Bank Kenya Ltd,Diamond Trust Bank Kenya Ltd; KE0000000158; announced a Final Dividend of Kes.7.00 on 26-Mar-2025; Books Closure; 23-May-2025; Payment date; 27-Jun-2025
6,Equity Group Holdings Plc,Equity Group Holdings Plc; KE0000000554; announced a Final Dividend of Kes.4.25 on 27-Mar-2025; Books Closure; 23-May-2025; Payment date; 30-Jun-2025
6,Nairobi Securities Exchange Plc,Nairobi Securities Exchange Plc; KE3000009674; announced a First & Final Dividend of Kes.0.32 on 28-Mar-2025; Books Closure; 21-May-2025; Payment date; 31-Jul-2025
6,B.A.T,Announced a Final Dividend of Kes.45.00 on 24-Feb-2025; Books Closure; 23-May-2025; Payment date; 25-Jun-2025
6,Co-operative bank of Kenya,Co-operative Bank of Kenya Plc; announced a Final Dividend of Kes.1.50; Books Closure 28-Apr-2025; Payment 10-Jun-2025
6,ABSA Bank Kenya Plc,ABSA Bank Kenya Plc; announced a Final Dividend of Kes.1.55; Books Closure 30-Apr-2025; Payment 22-May-2025
6,Standard Chartered Bank Kenya Ltd,Announced a Final Dividend of Kes.37.00 on 19-Mar-2025; Books Closure 30-Apr-2025; Payment Date; 28-May-2025
6,KCB Group Plc,Announced a Final Dividend of Kes.1.50 on 13-Mar-2025; Books Closure 03-Apr-2025; Payment Date; 23-May-2025
6,Stanbic Holdings Plc,Announced a Final Dividend of Kes.18.90 on 05-Mar-2025; Books Closure 16-May-2025;
7,East African Portlands Plc,Announced a First & Final Dividend of Kes.1.00 on 28-Nov-2024; Books Closure 31-Dec-2024; Payment date 31-Mar-2025
7,Safaricom Plc,Safaricom announced an Interim Dividend of Kes.0.55 on 13-Feb-2025; Books Closure 03-Mar-2025; Payment 31-Mar-2025.
7,KPLC,Kenya Power & Lighting Plc; announced an Interim Dividend of Kes.0.20 on 30-Jan-2025; Books Closure 28-Feb-2025; Payment 11-Apr-2025
7,EABL,Announced an Interim Dividend of Kes.2.50 on 30-Jan-2025; Books Closure 21-Feb-2025; Payment Date 30-Apr-2025
7,I&M,I&M Group Plc; announced an Interim Dividend of Kes.1.30; Books Closure 16-Dec-2024; Payment 14-Jan-2025.
7,Carbacid Investments Plc,Carbacid Investments Plc ;KE0000000117; announced a final Dividend of Kes. 1.70 on 31-Oct-2024; Books Closure 26-Nov-2024; Payment Date; 18-Dec-2024
7,KenGen Plc,KenGen Plc ;KE0000000547; announced a first and final Dividend of Kes. 0.65 on 29-Oct-2024; Books Closure; 28-11-2024; Payment Date; 13-02-2025
7,Kenya Power & Lighting Plc,Kenya Power & Lighting Plc; announced a First & Final Dividend of Kes.0.70 on 29-Oct-2024; Books Closure 02-Dec-2024; Payment 31-Jan-2025
8,Bamburi Cement Plc,Bamburi Cement Plc; announced a Special Dividend of Kes.18.25; Books Closure 20-Sep-2024; Payment 27-Sep-2024.
8,ABSA Bank Kenya Plc,Announced an Interim Dividend of Kes.0.20 on 26-Aug-2024; Books Closure 20-Sep-2024; Payment Date; 15-Oct-2024
8,BOC,Announced an Interim Dividend of Kes.2.50 on 22-Aug-2024; Books Closure 20-Sep-2024; Payment Date; 14-Oct-2024
8,NCBA Group Plc,Announced an Interim Dividend of Kes.2.25 on 22-Aug-2024; Books Closure 11-Sep-2024; Payment Date; 25-Sep-2024
8,KCB Group,Announced an Interim Dividend of Kes.1.50 on 22-Aug-2024; Books Closure 12-Sep-2024; Payment Date; 30-Oct-2024
8,Standard Chartered Bank,Announced an Interim Dividend of Kes.8.00 on 22-Aug-2024; Books Closure 18-Sep-2024; Payment Date; 08-Oct-2024
8,Umeme Limited,Announced an Interim Dividend of Ushs.26.00; Books Closure 10-Oct-2024; Payment Date; 31-Oct-2024
8,Kenya Re Insurance Corporation Ltd,Kenya Re Insurance Corporation Ltd;KE0000000604; announced a Bonus Issue of 1:1 on 30-May-2024; Books Closure 25-Jun-2024; Payment Date; 26-Aug-2024
9,HF Group Plc,"HF Group Plc; KE0000000240; announced a Rights Issue of 2:1 on 13-Aug-2024; Books Closure; 04-Nov-2024, Payment Date; 23-Dec-2024"
9,Stanbic Holdings Plc,Announced an Interim Dividend of Kes.1.84 on 08-Jul-2024; Books Closure 02-Sep-2024; Payment Date on 27-Sep-2024
9,Laptrust Imara I-REIT,Announced an interim Distribution of Kes. 0.38 on 01-Aug-2024; Books Closure 21-Aug-2024; Payment 30-Sep-2024.
9,Centum Investment Company Plc,"Centum Investment Co Plc; announced a Final Dividend of Kes.0.32 on 30-Jul-2024,Books Closure 11-October-2024; Payment Date Subject to Approval"
9,East African Breweries Plc,Announced a Final Dividend of Kes.6.00 on 30-Jul-2024; Books Closure 16-Sep-2024; Payment Date 28-Oct-2024
9,BAT Kenya Plc,Announced an Interim Dividend of Kes.5.00 on 25-Jul-2024; Books Closure 30-Aug-2024; Payment 27-Sep-2024.
9,Kapchorua Tea Kenya Plc,Kapchorua Tea Kenya Plc; KE4000001760; announced a Final Dividend of Kes.15.00 on 28-Jun-2024; Books Closure 31-Jul-2024; Payment Date; 2-Sep-2024.
9,Williamson Tea Kenya Plc,Williamson Tea Kenya Plc; KE0000000505; announced a Final Dividend of Kes.15.00 on 28-Jun-2024; Books Closure 31-Jul-2024; Payment Date; 2-Sep-2024.
10,Diamond Trust Bank Kenya,Diamond Trust Bank Kenya Ltd; announced a Final Dividend of Kes.6.00; on 21-Jun-2024; Books Closure 24-May-2024; Payment 28-June-2024
10,Kenya Re Insurance,Kenya Re Insurance Corporation Ltd; announced a Final Dividend of Kes.0.30; Books Closure 25-Jun-2024; Payment Date; 9-Aug-2024;
10,Jubilee Holdings Limited,Announced a Special Dividend of Kes.2.30 on 30-May-2024; Books Closure 25-Jun-2024; Payment date 25-Jul-2024.
10,Jubilee Holdings Limited,Announced a Final Dividend of Kes.10.00 alongside a special dividend of Kes.2.30 per share on 30-May-2024; Books Closure 25-Jun-2024; Payment 25-Jul-2024.
10,BK Group Plc,BK Group Plc ;KE5000008986; announced an Final Dividend of FRw.24.18 on 22-May-2024; Books Closure 14-Jun-2024; Payment Date;1-Jul-2024.
10,Laptrust Imara I-REIT,Announced a First & Final Distribution of Kes. 0.57 on 21-May-2024; Books Closure and Payment date; subject to approval.
10,CIC Insurance Group Plc,CIC Insurance Group Plc; announced a First & Final Dividend of Kes.0.13; Books Closure 04-Jun-2024; Payment 08-Jul-2024.
10,Safaricom Plc,Announced a Final Dividend of Kes.0.65 on 09-May-2024; Books Closure 31-Jul-2024; Payment 31-Aug-2024.
11,BOC Kenya Plc,BOC Kenya Plc; announced a Final Dividend of Kes.6.05; Books Closure 31-May-2024; Payment 21-Jul-2024.
11,TotalEnergies Marketing Kenya Plc,Announced a First & Final Dividend of Kes.1.92; Books Closure 27-Jun-2024; Payment on 31-Jul-2024.
11,Liberty Kenya Holdings Plc,Liberty Kenya Holdings Plc; announced a First & Final Dividend of Kes.0.373; Books Closure to be 14-Jun-2024; Payment to be 24-Aug-2024.
11,Bamburi Cement Plc,Bamburi Cement Plc; announced a First & Final Dividend of Kes.5.47; Books Closure 24-May-2024; Payment 25-Jul-2024.
11,NCBA Group Plc,Announced Final Dividend of Kes.3.00 on 27-Mar-2024; Books Closure 30-Apr-2024; Payment Date; 29-May-2024
11,Nairobi Securities Exchange Plc,Nairobi Securities Exchange Announced a First & Final Dividend of Kes.0.16 on 02-Apr-2024; Books Closure 30-May-2024; Payment Date; 31-Jul-2024
11,Diamond Trust Bank Kenya Ltd,Announced a Final Dividend of Kes.6.00 on 27-Mar-2024; Books Closure 24-May-2024; Payment Date; 28-Jun-2024
11,Equity Group Holdings Plc,Announced a Final Dividend of Kes.4.00 on 27-Mar-2024; Books Closure 24-May-2024; Payment Date; 28-Jun-2024
12,Umeme Limited,Announced a Final Dividend of Ushs. 54.20 ; Books Closure 28-Jun-2024; Payment Date; 19-Jul-2024
12,I&M Group Plc,I&M Group Plc; announced a First & Final Dividend of Kes.2.25; Books Closure 18-Apr-2024; Payment 24-May-2024.
12,Limuru Tea PLC,Limuru Tea PLC; announced a Final Dividend of Kes.1.00; Books Closure 15-Apr-2024; Payment 30-June-2024.
12,The Co-operative Bank of Kenya Ltd,The Co-operative Bank of Kenya Ltd; announced a First & Final Dividend of Kes.1.50; Books Closure 29-Apr-2024; Payment 10-Jun-2024
12,Kakuzi Plc,Announced a First & Final Dividend of Kes.24.00; Books Closure 31-May-2024; Payment 15-Jun-2024.
12,Absa Bank Kenya Plc,Announced a Final Dividend of Kes.1.35 on 18-Mar-2024; Books Closure 30-Apr-2024; Payment Date; 23-May-2024
12,Standard Chartered Bank Kenya Limited,Announced a Final Dividend of Kes.23.00 on 12-Mar-2024; Books Closure 19-Apr-2024; Payment Date; 30-May-2024
12,Stanbic Holdings Plc,Announced a Final Dividend of Kes.14.20 on 06-Mar-2024; Books Closure 17-May-2024; Payment Date; SUBJECT TO APPROVAL.
13,Safaricom Plc,Safaricom Plc;KE1000001402; announced an Interim Dividend of Kes.0.55 on 22-Feb-2024; Books Closure 15-Mar-2024; Payment Date; 31-Mar-2024
13,B.A.T Kenya Plc,B.A.T Kenya Plc;KE0000000075; announced Final Dividend of Kes.50.00 on 15-Feb-2024; Books Closure 24-May-2024; Payment 26-Jun-2024.
13,East African Breweries Plc,Announced an Interim Dividend of Kes.1.00 on 26-Jan-2024; Books Closure 16-Feb-2024; Payment Date 26-Apr-2024
13,Sasini Plc,Announced an Final Dividend of Kes.0.50 on 08-Jan-2024; Books Closure 22-Feb-2024; Payment Date; 22-Mar-2024
13,Standard Chartered Bank Kenya,Announced an Interim Dividend of Kes.6.00 on 22-Nov-2023; Books Closure 14-Dec-2023; Payment Date;28-Dec-2023.
13,Kapchorua Tea Kenya Plc,Kapchorua Tea Kenya Plc;KE4000001760; announced an Interim Dividend of Kes.10.00 on 17-Nov-2023; Books Closure 07-Dec-2023; Payment Date;13-Dec-2023.
13,Williamson Tea Kenya Plc,Williamson Tea Kenya Plc ;KE0000000505; announced an Interim Dividend of Kes.10.00 on 17-Nov-2023; Books Closure 07-Dec-2023; Payment Date;13-Dec-2023.
13,BK Group Plc,BK Group Plc ;KE5000008986; announced an Interim Dividend of FRw.8.44 on 09-Nov-2023; Books Closure 29-Nov-2023; Payment Date;20-Dec-2023.
14,Carbacid Investments Plc,Carbacid Investments Plc ;KE0000000117; announced a final Dividend of Kes. 1.7 on 25-Oct-2023; Books Closure 24-Nov-2023; Payment Date; 15-Dec-2023
14,KenGen Plc,KenGen Plc ;KE0000000547; announced a first and final Dividend of Kes. 0.30 on 27-Oct-2023; Books Closure 30-Nov-2023; Payment Date; 15-Feb-2024
14,ABSA Bank Kenya Plc,Announced an Interim Dividend of Kes.0.20 on 29-Aug-2023; Books Closure 21-Sep-2023; Payment 12-Oct-2023
14,NCBA Group Plc,Announced an Interim Dividend of Kes.1.75 on 24-Aug-2023; Books Closure 14-Sep-2023; Payment 28-Sep-2023
14,Umeme Ltd,Announced an Interim Dividend of Ushs.24 on 21-Aug-2023; Books Closure 09-Feb-2024; Payment Date; 29-Feb-2024
14,Stanbic Holdings Plc,Announced an Interim Dividend of Kes.1.15 on 10-Aug-2023; Books Closure 04-Sep-2023; Payment 27-Sep-2023
14,East African Breweries Plc,Announced a Final Dividend of Kes.1.75 on 28-Jul-2023; Books Closure 15-Sep-2023; Payment 27-Oct-2023
14,B.A.T Kenya Plc,Announced an Interim Dividend of Kes.5.00 on 19-Jul-2023; Books Closure 18-Aug-2023; Payment 22-Sep-2023
15,Safaricom Plc,Safaricom Plc;KE1000001402; announced a Final Dividend of Kes.0.62 on 11-May-2023; Books Closure 28-July-2023; Payment Date; 31-Aug-2023
15,Williamson Tea Kenya Plc,Williamson Tea Kenya Plc; announced a Final Dividend of Kes.30.00 on 29-June-2023; Books Closure 23-August-2023.Payment 04-Sep-2023
15,Kapchorua Tea Kenya Plc,Kapchorua Tea Kenya Plc; announced a First & Final Dividend of Kes.25.00 on 29-June-2023; Books Closure 23-Aug-2023;Payment Date 4-Sep-2023
15,Sasini Plc,Announced an Interim Dividend of Kes. 1.00 on 10-May-2023;Books Closure 02-Jun-2023 Payment 03-Jul-2023.
15,BK Group Plc,BK Group Plc; announced a First & Final Dividend of Frw.32.5 on 31-Mar-2023; Books Closure 22-Jun-2023; Payment Date; 01-Jul-2023.
15,Nation Media Group Plc,Nation Media Group Plc; announced a Final Dividend of Kes.1.50 on 06-Apr-2023; Books Closure 16-Jun-2023; Payment Date; 31-July-2023.
15,Crown Paints Kenya Plc,Crown Paints Kenya Plc; announced a Final Dividend of Kes.4.00; Books Closure 28-Jun-2023; Payment 14-Aug-2023.
15,Bamburi Cement Plc,Bamburi Cement Plc; announced a First & Final Dividend of Kes.0.75; Books Closure 27-May-2023; Payment 27-Jul-2023.
16,B.O.C Kenya Plc;,B.O.C Kenya Plc; announced a Final Dividend of Kes.4.45 ; Books Closure 31-May-2023; Payment 21-July-2023
16,Nairobi Securities Exchange Plc,Nairobi Securities Exchange Plc; announced a First & Final Dividend of Kes.0.20;Books Closure 31-May-2023; Payment 31-Jul-2023
16,TotalEnergies Marketing Kenya Plc,TotalEnergies Marketing Kenya Plc; announced a First & Final Dividend of Kes.1.31; Books Closure 15-Jun-2023; Payment 31-Jul-2023.
16,Jubilee Holdings Limited,Announced a Final Dividend of Kes.8.00 on 27-Mar-2023; Books Closure 14-Jun-2023; Payment 26-July-2023.
16,Jubilee Holdings Limited,Announced a Special Dividend of Kes.3.00 on 27-Mar-2023; Books Closure 14-Jun-2023; Payment 26-July-2023
16,ILAM FAHARI I-REIT,Announced a First & Final Distribution of Kes. 0.65 on 29-Mar-2023; Books Closure 06-Apr-2023; Payment 30-April-2023.
16,I&M Group Plc,I&M Group Plc; announced a First & Final Dividend of Kes.2.25; Books Closure 20-Apr-2023; Payment 25-May-2023.
16,NCBA Group Plc,NCBA Group Plc; announced a Final Dividend of Kes.2.25; Books Closure 28-Apr-2023; Payment 31-May-2023.
17,Kenya Re Insurance Corporation Ltd,Kenya Re Insurance Corporation Ltd; announced a First & Final Dividend of Kes.0.20; Books Closure 16-Jun-2023; Payment 28-Jul-2023
17,Equity Group Holdings Plc,Equity Group Holdings Plc; announced a First & Final Dividend of Kes.4.00; Books Closure 19-May-2023; Payment 30-Jun-2023
17,Diamond Trust Bank Kenya Ltd,Diamond Trust Bank Kenya Ltd; announced a First & Final Dividend of Kes.5.00;on 28-Mar-2023; Books Closure 12-May-2023; Payment 15-June-2023.
17,Umeme Limited,Umeme Limited; UG0000001145; announced a Final Dividend of Ushs.63.9 on 27-March-2023; Books Closure 27-Jun-2023; Payment 20-July-2023.
17,Limuru Tea PLC,Limuru Tea PLC; announced a Final Dividend of Kes.2.50; Books Closure 14-Apr-2023; Payment 30-June-2023.
17,Kakuzi Plc,Kakuzi Plc; announced a First & Final Dividend of Kes.24.00; Books Closure 31-May-2023; Payment 15-Jun-2023.
17,CIC Insurance Group Plc,CIC Insurance Group Plc; announced a First & Final Dividend of Kes.0.13; Books Closure 08-May-2023; Payment 26-May-2023.
17,The Co-operative Bank of Kenya Ltd,The Co-operative Bank of Kenya Ltd; announced a First & Final Dividend of Kes.1.50; Books Closure 24-May-2023; Payment 09-Jun-2023.
18,KCB Group Plc,KCB Group Plc; announced a Final Dividend of Kes.1.00; Books Closure 06-Apr-2023; Payment 26-May-2023
18,ABSA Bank Kenya Plc,ABSA Bank Kenya Plc; announced a Final Dividend of Kes.1.15; Books Closure 28-Apr-2023; Payment 25-May-2023
18,Standard Chartered Bank Kenya Plc,Announced a Final Dividend of Kes.16.00 on 14-Mar-2023; Books Closure 21-Apr-2023; Payment Date; 25-May-2023
18,Stanbic Holdings Plc,Announced a Final Dividend of Kes.12.60 on 09-Mar-2023; Books Closure 19-May-2023; Payment Date; SUBJECT APPROVAL
18,Safaricom,Announced an Interim Dividend of Kes.0.58 on 28-Feb-2023; Books Closure 15-Mar-2023; Payment 31-Mar-2023.
18,B.A.T Kenya Plc,B.A.T Kenya Plc;KE0000000075; announced Final Dividend of Kes.52.00 on 17-Feb-2023; Books Closure 26-May-2023; Payment 15-Jun-2023.
18,East African Breweries Plc,Announced an Interim Dividend of Kes.3.75 on 27-Jan-2023; Books Closure 16-Feb-2023; Payment Date 28-Apr-2023
18,Car & General,Announced a First and Final Dividend of Kes.0.80 on 26-Jan-2023; Books Closure 24-Feb-2023; Payment Date 23-Mar-2023.
19,KenGen Plc,Announced a First &Final Dividend of Kes.0.20 on 30-Nov-2022; Books Closure 26-Jan-2023; Payment 30-Mar-2023.
19,TransCentury Plc,Announced a Re-open of the Rights Issue of 5:1 on 21-Feb-2023; Books Closure 17-Mar-2023; Crediting Date 20-Apr-2023.
19,KCB Group Plc,KCB Group Plc announced an lnterim Dividend of Kes.1.00 on 16-Nov-2022; Books Closure 08-Dec-2022; Payment 13-Jan-2023.
19,Carbacid Investment Plc,Carbacid Investment Plc announced a Final Dividend of Kes.1.70 on 01-Nov-2022; Books Closure 25-Nov-2022; Payment 16-Dec-2022
19,Jubilee Holdings Ltd,Jubilee Holdings Ltd; announced an Interim Dividend of Kes.1.00; Books Closure 09-Sep-2022; Payment 11-Oct-2022.
19,B.O.C Kenya Plc,B.O.C Kenya Plc; announced an Interim Dividend of Kes.1.60 on 29-Aug-2022; Books Closure 30-Sep-2022; Payment 22-Oct-2022
19,East African Breweries Plc,East African Breweries Plc; announced a Final Dividend of Kes.7.25 on 28-July-2022; Books Closure 15-Sep-2022; Payment 30-Oct-2022.
19,Centum Investment Co Plc,Centum Investment Co Plc; announced a Final Dividend of Kes.0.587 on 26-July-2022.
20,BAT Kenya Plc,BAT Kenya Plc; announced an Interim Dividend of Kes.5.00 on 20-July-2022; Books Closure 12-Aug-2022; Payment 16-Sep-2022.
20,Williamson Tea Kenya Plc,Williamson Tea Kenya Plc; announced a Final Dividend of Kes.20.00 on 01-July-2022; Books Closure 29-Jul-2022.
20,Kapchorua Tea Kenya Plc,Kapchorua Tea Kenya Plc; announced a First & Final Dividend of Kes.10.00 on 01-July-2022; Books Closure 29-Jul-2022.
20,Safaricom Plc,Safaricom Plc; announced a Final Dividend of Kes.0.75Books Closure 29-Jul-2022;Payment 31-Aug-2022
20,Crown Paints Kenya Plc,Crown Paints Kenya Plc; announced a First & Final Dividend of Kes.4.00; Books Closure 28-Jun-2022; Payment 15-Aug-2022.
20,Bamburi Cement Ltd,Bamburi Cement Ltd; announced a First & Final Dividend of Kes.3.58; Books Closure 26-May-2022; Payment 26-Jul-2022.
20,BOC Kenya Plc,BOC Kenya Plc; announced a Final Dividend of Kes.2.90; Books Closure 27-May-2022; Payment 19-Jul-2022.
20,Nation Media Group Plc,Nation Media Group Plc; announced a Final Dividend of Kes.1.50; Books Closure 16-Jun-2022; Payment 29-Jul-2022.
21,TotalEnergies Marketing Kenya Plc,TotalEnergies Marketing Kenya Plc; announced a First & Final Dividend of Kes.1.31; Books Closure 30-Jun-2022; Payment 31-Jul-2022.
21,Jubilee Holdings Ltd,Jubilee Holdings Ltd; announced a Special Dividend of Kes.5.00; Books Closure 22-Jun-2022; Payment 25-Jul-2022
21,Jubilee Holdings Ltd,Jubilee Holdings Ltd; announced a Final Dividend of Kes.8.00; Books Closure 22-Jun-2022; Payment 25-Jul-2022
21,Kenya Re Insurance Corporation Ltd,Kenya Re Insurance Corporation Ltd; announced a First & Final Dividend of Kes.0.10; Books Closure 17-Jun-2022; Payment 29-Jul-2022
21,BK Group Plc,BK Group Plc; announced a Final Dividend of FRw.28.7; Books Closure 22-Jun-2022; Payment 01-Jul-2022
21,ILAM FAHARI I-REIT,ILAM FAHARI I-REIT; announced a First & Final Dividend of Kes.0.50; Books Closure 08-Apr-2022; Payment 30-Apr-2022.
21,I&M Group Plc,I&M Group Plc; announced a First & Final Dividend of Kes.1.50; Books Closure 21-Apr-2022; Payment 26-May-2022.
21,Nairobi Securities Exchange Plc,Nairobi Securities Exchange Plc; announced a Final Dividend of Kes.0.40; Books Closure 03-Jun-2022; Payment 15-Jul-2022.
22,Nairobi Securities Exchange Plc,Nairobi Securities Exchange Plc; announced a Special Dividend of Kes.0.50;Books Closure 03-Jun-2022; Payment 15-Jul-2022.
22,Umeme Ltd,Umeme Ltd; announced a Final Dividend of Kes.Ushs.54.10; Books Closure 24-Jun-2022; Payment 22-Jul-2022
22,Diamond Trust Bank Kenya Ltd,Diamond Trust Bank Kenya Ltd; announced a First & Final Dividend of Kes.3.00
22,NCBA Group Plc,NCBA Group Plc; announced a Final Dividend of Kes.2.25; Books Closure 29-Apr-2022; Payment 05-May-2022.
22,Kakuzi Plc,Kakuzi Plc; announced a First & Final Dividend of Kes.22.00; Books Closure 31-May-2022; Payment 30-Jun-2022.
22,Equity Group Holdings Plc,Equity Group Holdings Plc; announced a First & Final Dividend of Kes.3.00; Books Closure 20-May-2022; Payment 30-Jun-2022.
22,The Co-operative Bank of Kenya Ltd,The Co-operative Bank of Kenya Ltd; announced a First & Final Dividend of Kes.1.00 ; Books Closure 30-May-2022; Payment 17-Jun-2022.
22,KCB Group Plc,KCB Group Plc; announced a Final Dividend of Kes.2.00; Books Closure 25-Apr-2022;
23,ABSA Bank Kenya Plc,ABSA Bank Kenya Plc; announced a Final Dividend of Kes.1.10; Books Closure 25-Apr-2022; Payment 26-May-2022
23,Standard Chartered Bank Kenya Ltd,Standard Chartered Bank Kenya Ltd; announced a Final Dividend of Kes.14.00; Books Closure 27-Apr-2022; Payment 25-May-2022
23,Stanbic Holdings Plc,Stanbic Holdings Plc; announced a Final Dividend of Kes.7.30 on 03-Mar-2022; Books Closure 20-May-2022;
23,Safaricom Plc,Announced an Interim Dividend of Kes.0.64 on 25-Feb-2022; Books Closure 17-Mar-2022; Payment 31-Mar-2022.
23,British American Tobacco Kenya Plc,Announced a Final Dividend of Kes.50.00 on 18-Feb-2022; Books Closure 22-Apr-2022; Payment 24-May-2022.
23,Sasini Plc,Announced a Final Dividend of Kes.0.50 on 11-Jan-2022 Payment 15-Mar-2022.
23,Car & General (K) Ltd,Announced a First & Final Dividend of Kes.3.20 on 06-Jan-2022; Payment 24-Mar-2022.
23,Car & General (K) Ltd,Announced a Bonus of 1:1 on 06-Jan-2022; Books Closure 24-Mar-2022; Crediting 08-Apr-2022.
24,KenGen Co. Plc,Announced a First & Final Dividend of Kes.0.30 on 01-Nov-2021 Payment 10-Feb-2022.
